-- carts 
INSERT INTO Cart(customerID,cartID,total_price) VALUES (12,1,97.68);
INSERT INTO Cart(customerID,cartID,total_price) VALUES (2,2,95.55);
INSERT INTO Cart(customerID,cartID,total_price) VALUES (9,3,14.33);
INSERT INTO Cart(customerID,cartID,total_price) VALUES (9,4,4.98);
INSERT INTO Cart(customerID,cartID,total_price) VALUES (12,5,6.01);
INSERT INTO Cart(customerID,cartID,total_price) VALUES (10,6,15.65);
INSERT INTO Cart(customerID,cartID,total_price) VALUES (4,7,93.83);
INSERT INTO Cart(customerID,cartID,total_price) VALUES (2,8,95.94);
INSERT INTO Cart(customerID,cartID,total_price) VALUES (10,9,38.94);
INSERT INTO Cart(customerID,cartID,total_price) VALUES (5,10,40.4);
INSERT INTO Cart(customerID,cartID,total_price) VALUES (1,11,82.09);
INSERT INTO Cart(customerID,cartID,total_price) VALUES (8,12,50.78);
INSERT INTO Cart(customerID,cartID,total_price) VALUES (9,13,10.63);
INSERT INTO Cart(customerID,cartID,total_price) VALUES (1,14,77.59);
INSERT INTO Cart(customerID,cartID,total_price) VALUES (13,15,97.25);
INSERT INTO Cart(customerID,cartID,total_price) VALUES (14,16,99.26);
INSERT INTO Cart(customerID,cartID,total_price) VALUES (10,17,31.45);
INSERT INTO Cart(customerID,cartID,total_price) VALUES (8,18,40.3);
INSERT INTO Cart(customerID,cartID,total_price) VALUES (2,19,72.19);
INSERT INTO Cart(customerID,cartID,total_price) VALUES (1,20,86.9);
INSERT INTO Cart(customerID,cartID,total_price) VALUES (15,21,6.71);
INSERT INTO Cart(customerID,cartID,total_price) VALUES (5,22,87.75);
INSERT INTO Cart(customerID,cartID,total_price) VALUES (7,23,3.16);
INSERT INTO Cart(customerID,cartID,total_price) VALUES (6,24,23.82);
INSERT INTO Cart(customerID,cartID,total_price) VALUES (3,25,68.12);
INSERT INTO Cart(customerID,cartID,total_price) VALUES (8,26,10.79);
INSERT INTO Cart(customerID,cartID,total_price) VALUES (13,27,58.62);
INSERT INTO Cart(customerID,cartID,total_price) VALUES (4,28,8.38);
INSERT INTO Cart(customerID,cartID,total_price) VALUES (14,29,84.2);
INSERT INTO Cart(customerID,cartID,total_price) VALUES (10,30,99.64);

-- clothing type
INSERT INTO Clothing_Type(customerID,cartID,total_price) VALUES (Sweater,1,3);
INSERT INTO Clothing_Type(customerID,cartID,total_price) VALUES (Jacket,2,5);
INSERT INTO Clothing_Type(customerID,cartID,total_price) VALUES (Coat,3,3);
INSERT INTO Clothing_Type(customerID,cartID,total_price) VALUES (Socks,4,4);
INSERT INTO Clothing_Type(customerID,cartID,total_price) VALUES (Pajamas,5,3);
INSERT INTO Clothing_Type(customerID,cartID,total_price) VALUES (Tanktop,6,5);
INSERT INTO Clothing_Type(customerID,cartID,total_price) VALUES (T-shirt,7,2);
INSERT INTO Clothing_Type(customerID,cartID,total_price) VALUES (Skirt,8,4);
INSERT INTO Clothing_Type(customerID,cartID,total_price) VALUES (Bra,9,2);
INSERT INTO Clothing_Type(customerID,cartID,total_price) VALUES (Suit,10,4);
INSERT INTO Clothing_Type(customerID,cartID,total_price) VALUES (Hat,11,1);
INSERT INTO Clothing_Type(customerID,cartID,total_price) VALUES (Scarf,12,3);
INSERT INTO Clothing_Type(customerID,cartID,total_price) VALUES (Socks,13,5);
INSERT INTO Clothing_Type(customerID,cartID,total_price) VALUES (Shorts,14,1);
INSERT INTO Clothing_Type(customerID,cartID,total_price) VALUES (Pants,15,5);
INSERT INTO Clothing_Type(customerID,cartID,total_price) VALUES (Blouse,16,4);
INSERT INTO Clothing_Type(customerID,cartID,total_price) VALUES (T-shirt,17,3);
INSERT INTO Clothing_Type(customerID,cartID,total_price) VALUES (Sweater,18,3);
INSERT INTO Clothing_Type(customerID,cartID,total_price) VALUES (Shorts,19,2);
INSERT INTO Clothing_Type(customerID,cartID,total_price) VALUES (Jeans,20,1);
INSERT INTO Clothing_Type(customerID,cartID,total_price) VALUES (Skirt,21,3);
INSERT INTO Clothing_Type(customerID,cartID,total_price) VALUES (Dress,22,5);
INSERT INTO Clothing_Type(customerID,cartID,total_price) VALUES (Apron,23,4);
INSERT INTO Clothing_Type(customerID,cartID,total_price) VALUES (Boots,24,2);
INSERT INTO Clothing_Type(customerID,cartID,total_price) VALUES (Cloak,25,5);
INSERT INTO Clothing_Type(customerID,cartID,total_price) VALUES (Scarf,26,1);
INSERT INTO Clothing_Type(customerID,cartID,total_price) VALUES (Bodysuit,27,2);
INSERT INTO Clothing_Type(customerID,cartID,total_price) VALUES (Hat,28,3);
INSERT INTO Clothing_Type(customerID,cartID,total_price) VALUES (Swimsuit,29,4);
INSERT INTO Clothing_Type(customerID,cartID,total_price) VALUES (Dress,30,5);

-- customers 
INSERT INTO Customers(customerID,email1,email2,email3,first_name,last_name,phone,city,state,country,zip,managerID) VALUES (1,'cdiment0@jugem.jp','cdiment0@vistaprint.com','cdiment0@wordpress.com','Claribel','Diment','772-959-1237','Qaraçuxur',NULL,'Azerbaijan',NULL,4);
INSERT INTO Customers(customerID,email1,email2,email3,first_name,last_name,phone,city,state,country,zip,managerID) VALUES (2,'ggratland1@ifeng.com','ggratland1@shutterfly.com','ggratland1@blinklist.com','Gamaliel','Gratland','777-351-4382','Shangcun',NULL,'China',NULL,5);
INSERT INTO Customers(customerID,email1,email2,email3,first_name,last_name,phone,city,state,country,zip,managerID) VALUES (3,'abehne2@slate.com','abehne2@un.org','abehne2@opensource.org','Alastair','Behne','105-957-9830','Kolindrós',NULL,'Greece',NULL,4);
INSERT INTO Customers(customerID,email1,email2,email3,first_name,last_name,phone,city,state,country,zip,managerID) VALUES (4,'cbloss3@soundcloud.com','cbloss3@paginegialle.it','cbloss3@meetup.com','Crystie','Bloss','452-534-1202','Corralillo',NULL,'Cuba',NULL,3);
INSERT INTO Customers(customerID,email1,email2,email3,first_name,last_name,phone,city,state,country,zip,managerID) VALUES (5,'tcatlette4@skype.com','tcatlette4@squidoo.com','tcatlette4@pagesperso-orange.fr','Tod','Catlette','274-606-8986','Tanout',NULL,'Niger',NULL,1);
INSERT INTO Customers(customerID,email1,email2,email3,first_name,last_name,phone,city,state,country,zip,managerID) VALUES (6,'mbenettelli5@geocities.com','mbenettelli5@wikimedia.org','mbenettelli5@homestead.com','Mirelle','Benettelli','926-563-7313','Lahuaytambo',NULL,'Peru',NULL,1);
INSERT INTO Customers(customerID,email1,email2,email3,first_name,last_name,phone,city,state,country,zip,managerID) VALUES (7,'vwhinray6@sakura.ne.jp','vwhinray6@cnet.com','vwhinray6@ow.ly','Verge','Whinray','407-570-8156','Banjarkemuning',NULL,'Indonesia',NULL,2);
INSERT INTO Customers(customerID,email1,email2,email3,first_name,last_name,phone,city,state,country,zip,managerID) VALUES (8,'fbarnfield7@weather.com','fbarnfield7@google.pl','fbarnfield7@jimdo.com','Frances','Barnfield','664-372-5672','Sumbersarikrajan',NULL,'Indonesia',NULL,5);
INSERT INTO Customers(customerID,email1,email2,email3,first_name,last_name,phone,city,state,country,zip,managerID) VALUES (9,'cpaintain8@etsy.com','cpaintain8@gizmodo.com','cpaintain8@irs.gov','Channa','Paintain','520-631-5516','East End','England','United Kingdom','BH21',1);
INSERT INTO Customers(customerID,email1,email2,email3,first_name,last_name,phone,city,state,country,zip,managerID) VALUES (10,'bmccarle9@house.gov','bmccarle9@netlog.com','bmccarle9@4shared.com','Bridgette','McCarle','847-819-7959','Abadiânia',NULL,'Brazil','72940-000',3);
INSERT INTO Customers(customerID,email1,email2,email3,first_name,last_name,phone,city,state,country,zip,managerID) VALUES (11,'skenchingtona@marketwatch.com','skenchingtona@altervista.org','skenchingtona@dyndns.org','Sydel','Kenchington','624-367-1091','Casal','Aveiro','Portugal','3700-732',5);
INSERT INTO Customers(customerID,email1,email2,email3,first_name,last_name,phone,city,state,country,zip,managerID) VALUES (12,'slurcockb@yale.edu','slurcockb@opensource.org','slurcockb@a8.net','Siobhan','Lurcock','226-230-2119','Ban Lam Luk Ka',NULL,'Thailand','31120',1);
INSERT INTO Customers(customerID,email1,email2,email3,first_name,last_name,phone,city,state,country,zip,managerID) VALUES (13,'cglasscooc@wunderground.com','cglasscooc@hao123.com','cglasscooc@phpbb.com','Cesaro','Glasscoo','335-462-0183','Honghualiangzi',NULL,'China',NULL,3);
INSERT INTO Customers(customerID,email1,email2,email3,first_name,last_name,phone,city,state,country,zip,managerID) VALUES (14,'vrapportd@lulu.com','vrapportd@hhs.gov','vrapportd@miitbeian.gov.cn','Veda','Rapport','953-266-7914','Balung Barat',NULL,'Indonesia',NULL,5);
INSERT INTO Customers(customerID,email1,email2,email3,first_name,last_name,phone,city,state,country,zip,managerID) VALUES (15,'asawerse@amazon.com','asawerse@github.io','asawerse@prweb.com','Anthe','Sawers','760-393-7761','Ciudad Bolivia',NULL,'Venezuela',NULL,2);
INSERT INTO Customers(customerID,email1,email2,email3,first_name,last_name,phone,city,state,country,zip,managerID) VALUES (16,'vmerceyf@webmd.com','vmerceyf@usnews.com','vmerceyf@va.gov','Vanessa','Mercey','871-504-7374','Chłapowo',NULL,'Poland','84-120',1);
INSERT INTO Customers(customerID,email1,email2,email3,first_name,last_name,phone,city,state,country,zip,managerID) VALUES (17,'chaugheyg@icq.com','chaugheyg@utexas.edu','chaugheyg@cnbc.com','Cassandry','Haughey','796-303-5805','Kadujajar',NULL,'Indonesia',NULL,5);
INSERT INTO Customers(customerID,email1,email2,email3,first_name,last_name,phone,city,state,country,zip,managerID) VALUES (18,'fraynardh@ezinearticles.com','fraynardh@patch.com','fraynardh@about.com','Francklin','Raynard','846-587-4112','Moste',NULL,'Slovenia','1241',3);
INSERT INTO Customers(customerID,email1,email2,email3,first_name,last_name,phone,city,state,country,zip,managerID) VALUES (19,'ocrothersi@zimbio.com','ocrothersi@paginegialle.it','ocrothersi@godaddy.com','Oran','Crothers','854-909-9640','Huanggang',NULL,'China',NULL,3);
INSERT INTO Customers(customerID,email1,email2,email3,first_name,last_name,phone,city,state,country,zip,managerID) VALUES (20,'zwitherdonj@huffingtonpost.com','zwitherdonj@salon.com','zwitherdonj@irs.gov','Zaccaria','Witherdon','541-291-3603','Srinagarindra',NULL,'Thailand','31150',3);
INSERT INTO Customers(customerID,email1,email2,email3,first_name,last_name,phone,city,state,country,zip,managerID) VALUES (21,'scareswellk@timesonline.co.uk','scareswellk@webmd.com','scareswellk@infoseek.co.jp','Silvain','Careswell','714-212-1807','La Rioja',NULL,'Argentina','5300',5);
INSERT INTO Customers(customerID,email1,email2,email3,first_name,last_name,phone,city,state,country,zip,managerID) VALUES (22,'shansfordl@blinklist.com','shansfordl@cafepress.com','shansfordl@symantec.com','Stefa','Hansford','286-199-2203','Andamui',NULL,'Indonesia',NULL,4);
INSERT INTO Customers(customerID,email1,email2,email3,first_name,last_name,phone,city,state,country,zip,managerID) VALUES (23,'ttunuym@oaic.gov.au','ttunuym@irs.gov','ttunuym@addthis.com','Tillie','Tunuy','350-741-7544','Ketara',NULL,'Indonesia',NULL,1);
INSERT INTO Customers(customerID,email1,email2,email3,first_name,last_name,phone,city,state,country,zip,managerID) VALUES (24,'tbanasiakn@xing.com','tbanasiakn@ucoz.ru','tbanasiakn@vkontakte.ru','Timothee','Banasiak','535-355-0314','Burrel',NULL,'Albania',NULL,2);
INSERT INTO Customers(customerID,email1,email2,email3,first_name,last_name,phone,city,state,country,zip,managerID) VALUES (25,'mberthouloumeo@imdb.com','mberthouloumeo@usgs.gov','mberthouloumeo@nationalgeographic.com','Mirella','Berthouloume','422-669-7851','Sosnówka',NULL,'Poland','58-564',2);
INSERT INTO Customers(customerID,email1,email2,email3,first_name,last_name,phone,city,state,country,zip,managerID) VALUES (26,'cnisenp@aboutads.info','cnisenp@4shared.com','cnisenp@soundcloud.com','Claribel','Nisen','321-801-9685','Secunda',NULL,'South Africa','2302',3);
INSERT INTO Customers(customerID,email1,email2,email3,first_name,last_name,phone,city,state,country,zip,managerID) VALUES (27,'tcaroq@google.com.br','tcaroq@eventbrite.com','tcaroq@vkontakte.ru','Timmy','Caro','842-206-5376','Tarica',NULL,'Peru',NULL,5);
INSERT INTO Customers(customerID,email1,email2,email3,first_name,last_name,phone,city,state,country,zip,managerID) VALUES (28,'dabramowskyr@state.gov','dabramowskyr@google.com.au','dabramowskyr@ucoz.ru','Darby','Abramowsky','435-353-3886','Žagarė',NULL,'Lithuania','84019',1);
INSERT INTO Customers(customerID,email1,email2,email3,first_name,last_name,phone,city,state,country,zip,managerID) VALUES (29,'bslimingss@tuttocitta.it','bslimingss@harvard.edu','bslimingss@infoseek.co.jp','Baryram','Slimings','395-181-9289','Wolometang',NULL,'Indonesia',NULL,4);
INSERT INTO Customers(customerID,email1,email2,email3,first_name,last_name,phone,city,state,country,zip,managerID) VALUES (30,'afishwickt@furl.net','afishwickt@who.int','afishwickt@slashdot.org','Aldous','Fishwick','139-144-1470','Bergville',NULL,'South Africa','3354',3);

-- man reps 
INSERT INTO man_reps(managerID,reports) VALUES (5,'NuncNisl.png');
INSERT INTO man_reps(managerID,reports) VALUES (2,'HabitassePlatea.jpeg');
INSERT INTO man_reps(managerID,reports) VALUES (5,'MaurisNon.txt');
INSERT INTO man_reps(managerID,reports) VALUES (5,'NislNuncNisl.txt');
INSERT INTO man_reps(managerID,reports) VALUES (2,'AcNullaSed.mov');
INSERT INTO man_reps(managerID,reports) VALUES (1,'MorbiSem.jpeg');
INSERT INTO man_reps(managerID,reports) VALUES (2,'Luctus.xls');
INSERT INTO man_reps(managerID,reports) VALUES (2,'Orci.avi');
INSERT INTO man_reps(managerID,reports) VALUES (2,'Ut.doc');
INSERT INTO man_reps(managerID,reports) VALUES (2,'Amet.doc');
INSERT INTO man_reps(managerID,reports) VALUES (3,'InHac.jpeg');
INSERT INTO man_reps(managerID,reports) VALUES (5,'ConsequatNulla.mp3');
INSERT INTO man_reps(managerID,reports) VALUES (4,'Posuere.avi');
INSERT INTO man_reps(managerID,reports) VALUES (3,'Hac.mp3');
INSERT INTO man_reps(managerID,reports) VALUES (3,'SapienUt.avi');
INSERT INTO man_reps(managerID,reports) VALUES (1,'NislDuis.tiff');
INSERT INTO man_reps(managerID,reports) VALUES (2,'ConsequatMetusSapien.tiff');
INSERT INTO man_reps(managerID,reports) VALUES (2,'ElitProin.xls');
INSERT INTO man_reps(managerID,reports) VALUES (2,'BibendumMorbiNon.ppt');
INSERT INTO man_reps(managerID,reports) VALUES (4,'VenenatisTurpisEnim.xls');
INSERT INTO man_reps(managerID,reports) VALUES (1,'EgetVulputate.avi');
INSERT INTO man_reps(managerID,reports) VALUES (2,'CubiliaCurae.xls');
INSERT INTO man_reps(managerID,reports) VALUES (5,'Curabitur.mp3');
INSERT INTO man_reps(managerID,reports) VALUES (3,'Ipsum.avi');
INSERT INTO man_reps(managerID,reports) VALUES (3,'At.ppt');
INSERT INTO man_reps(managerID,reports) VALUES (5,'NonLigula.gif');
INSERT INTO man_reps(managerID,reports) VALUES (2,'LigulaPellentesque.xls');
INSERT INTO man_reps(managerID,reports) VALUES (1,'Orci.mp3');
INSERT INTO man_reps(managerID,reports) VALUES (4,'Non.tiff');
INSERT INTO man_reps(managerID,reports) VALUES (4,'AccumsanTellus.mp3');

-- Managers 
INSERT INTO Manager(managerID,first_name,last_name,phone,email1,email2,email3,job_title,start_date,reportsTo) VALUES (1,'Dilly','Gadsby','236-975-6519','dgadsby0@guardian.co.uk','dgadsby0@sciencedirect.com','dgadsby0@ucsd.edu','Executive Secretary','10/7/2022',10);
INSERT INTO Manager(managerID,first_name,last_name,phone,email1,email2,email3,job_title,start_date,reportsTo) VALUES (2,'Jamie','Golding','979-520-0040','jgolding1@sohu.com','jgolding1@dropbox.com','jgolding1@sina.com.cn','Junior Executive','6/20/2022',9);
INSERT INTO Manager(managerID,first_name,last_name,phone,email1,email2,email3,job_title,start_date,reportsTo) VALUES (3,'Vale','Benza','245-620-8526','vbenza2@domainmarket.com','vbenza2@dyndns.org','vbenza2@deliciousdays.com','Paralegal','5/3/2022',11);
INSERT INTO Manager(managerID,first_name,last_name,phone,email1,email2,email3,job_title,start_date,reportsTo) VALUES (4,'Jeromy','Buesnel','618-550-8667','jbuesnel3@biglobe.ne.jp','jbuesnel3@nasa.gov','jbuesnel3@oracle.com','Media Manager II','7/31/2022',37);
INSERT INTO Manager(managerID,first_name,last_name,phone,email1,email2,email3,job_title,start_date,reportsTo) VALUES (5,'Adolf','Woehler','143-517-6262','awoehler4@rambler.ru','awoehler4@hud.gov','awoehler4@wordpress.com','Help Desk Technician','3/23/2023',9);
INSERT INTO Manager(managerID,first_name,last_name,phone,email1,email2,email3,job_title,start_date,reportsTo) VALUES (6,'Bradford','Doerrling','522-294-0304','bdoerrling5@oaic.gov.au','bdoerrling5@goo.gl','bdoerrling5@hc360.com','Information Systems Manager','4/17/2022',17);
INSERT INTO Manager(managerID,first_name,last_name,phone,email1,email2,email3,job_title,start_date,reportsTo) VALUES (7,'Avigdor','Sannes','427-469-1801','asannes6@icq.com','asannes6@twitter.com','asannes6@ebay.com','Mechanical Systems Engineer','11/14/2022',38);
INSERT INTO Manager(managerID,first_name,last_name,phone,email1,email2,email3,job_title,start_date,reportsTo) VALUES (8,'Tadeo','Carlesso','741-359-8300','tcarlesso7@mapy.cz','tcarlesso7@apache.org','tcarlesso7@dion.ne.jp','VP Quality Control','4/12/2022',50);
INSERT INTO Manager(managerID,first_name,last_name,phone,email1,email2,email3,job_title,start_date,reportsTo) VALUES (9,'Lind','Cowwell','635-975-3225','lcowwell8@tripod.com','lcowwell8@macromedia.com','lcowwell8@baidu.com','VP Product Management','12/20/2022',74);
INSERT INTO Manager(managerID,first_name,last_name,phone,email1,email2,email3,job_title,start_date,reportsTo) VALUES (10,'Georgi','Hansel','140-484-1028','ghansel9@example.com','ghansel9@disqus.com','ghansel9@ibm.com','Community Outreach Specialist','12/27/2022',70);
INSERT INTO Manager(managerID,first_name,last_name,phone,email1,email2,email3,job_title,start_date,reportsTo) VALUES (11,'Crissie','Leggis','322-660-5493','cleggisa@naver.com','cleggisa@arstechnica.com','cleggisa@indiatimes.com','VP Marketing','2/9/2023',87);
INSERT INTO Manager(managerID,first_name,last_name,phone,email1,email2,email3,job_title,start_date,reportsTo) VALUES (12,'Marga','Hurburt','336-994-4962','mhurburtb@chronoengine.com','mhurburtb@usa.gov','mhurburtb@hexun.com','Senior Financial Analyst','4/12/2022',58);
INSERT INTO Manager(managerID,first_name,last_name,phone,email1,email2,email3,job_title,start_date,reportsTo) VALUES (13,'Tedie','Clare','478-856-1038','tclarec@linkedin.com','tclarec@hexun.com','tclarec@umn.edu','Sales Associate','8/6/2022',66);
INSERT INTO Manager(managerID,first_name,last_name,phone,email1,email2,email3,job_title,start_date,reportsTo) VALUES (14,'Northrop','McCormick','991-952-7509','nmccormickd@fema.gov','nmccormickd@desdev.cn','nmccormickd@economist.com','Food Chemist','11/18/2022',27);
INSERT INTO Manager(managerID,first_name,last_name,phone,email1,email2,email3,job_title,start_date,reportsTo) VALUES (15,'Olia','Titt','254-904-0409','otitte@angelfire.com','otitte@comsenz.com','otitte@who.int','Desktop Support Technician','10/10/2022',68);
INSERT INTO Manager(managerID,first_name,last_name,phone,email1,email2,email3,job_title,start_date,reportsTo) VALUES (16,'Gwenneth','Neale','572-509-0883','gnealef@google.co.uk','gnealef@sitemeter.com','gnealef@hubpages.com','Administrative Assistant I','11/1/2022',35);
INSERT INTO Manager(managerID,first_name,last_name,phone,email1,email2,email3,job_title,start_date,reportsTo) VALUES (17,'Shea','Oxer','245-950-9673','soxerg@studiopress.com','soxerg@rediff.com','soxerg@ihg.com','Junior Executive','7/12/2022',65);
INSERT INTO Manager(managerID,first_name,last_name,phone,email1,email2,email3,job_title,start_date,reportsTo) VALUES (18,'Shelli','Wrangle','837-944-7796','swrangleh@macromedia.com','swrangleh@eepurl.com','swrangleh@va.gov','Registered Nurse','3/27/2023',36);
INSERT INTO Manager(managerID,first_name,last_name,phone,email1,email2,email3,job_title,start_date,reportsTo) VALUES (19,'Rozelle','Roark','572-393-1372','rroarki@yale.edu','rroarki@salon.com','rroarki@shutterfly.com','Assistant Media Planner','11/14/2022',35);
INSERT INTO Manager(managerID,first_name,last_name,phone,email1,email2,email3,job_title,start_date,reportsTo) VALUES (20,'Prentice','Elizabeth','373-174-6433','pelizabethj@webmd.com','pelizabethj@redcross.org','pelizabethj@oaic.gov.au','Help Desk Operator','11/4/2022',67);
INSERT INTO Manager(managerID,first_name,last_name,phone,email1,email2,email3,job_title,start_date,reportsTo) VALUES (21,'Sayers','Chaytor','435-550-8282','schaytork@pagesperso-orange.fr','schaytork@1688.com','schaytork@arstechnica.com','Paralegal','1/19/2023',80);
INSERT INTO Manager(managerID,first_name,last_name,phone,email1,email2,email3,job_title,start_date,reportsTo) VALUES (22,'Tedda','Gauson','595-364-6939','tgausonl@mashable.com','tgausonl@ebay.com','tgausonl@examiner.com','Design Engineer','6/19/2022',72);
INSERT INTO Manager(managerID,first_name,last_name,phone,email1,email2,email3,job_title,start_date,reportsTo) VALUES (23,'Fletcher','Laurence','949-871-2015','flaurencem@admin.ch','flaurencem@ucsd.edu','flaurencem@tuttocitta.it','Chief Design Engineer','8/31/2022',66);
INSERT INTO Manager(managerID,first_name,last_name,phone,email1,email2,email3,job_title,start_date,reportsTo) VALUES (24,'Laural','Ortas','870-561-2543','lortasn@behance.net','lortasn@economist.com','lortasn@seesaa.net','Compensation Analyst','4/1/2023',79);
INSERT INTO Manager(managerID,first_name,last_name,phone,email1,email2,email3,job_title,start_date,reportsTo) VALUES (25,'Barby','Beasant','313-900-9179','bbeasanto@twitter.com','bbeasanto@weebly.com','bbeasanto@census.gov','Mechanical Systems Engineer','4/9/2022',51);
INSERT INTO Manager(managerID,first_name,last_name,phone,email1,email2,email3,job_title,start_date,reportsTo) VALUES (26,'Enrique','Glendining','104-147-8928','eglendiningp@stumbleupon.com','eglendiningp@tinyurl.com','eglendiningp@house.gov','Nurse Practicioner','12/20/2022',91);
INSERT INTO Manager(managerID,first_name,last_name,phone,email1,email2,email3,job_title,start_date,reportsTo) VALUES (27,'Barry','Boulds','500-953-0396','bbouldsq@pinterest.com','bbouldsq@altervista.org','bbouldsq@prnewswire.com','VP Product Management','2/6/2023',19);
INSERT INTO Manager(managerID,first_name,last_name,phone,email1,email2,email3,job_title,start_date,reportsTo) VALUES (28,'Kerk','Gamet','551-505-7423','kgametr@bloglovin.com','kgametr@shinystat.com','kgametr@vinaora.com','Staff Scientist','1/28/2023',16);
INSERT INTO Manager(managerID,first_name,last_name,phone,email1,email2,email3,job_title,start_date,reportsTo) VALUES (29,'Yehudi','Pietzke','817-489-1779','ypietzkes@g.co','ypietzkes@un.org','ypietzkes@cnet.com','Sales Associate','11/8/2022',16);
INSERT INTO Manager(managerID,first_name,last_name,phone,email1,email2,email3,job_title,start_date,reportsTo) VALUES (30,'Bone','Wannop','253-733-6037','bwannopt@shop-pro.jp','bwannopt@census.gov','bwannopt@spiegel.de','Structural Engineer','10/21/2022',76);

-- Orders 
INSERT INTO Orders(statusID,orderID,order_date,city,state,country,zip,customerID,managerID) VALUES ('false',1,'4/1/2023','Babiak',NULL,'Poland','62-620',12,2);
INSERT INTO Orders(statusID,orderID,order_date,city,state,country,zip,customerID,managerID) VALUES ('false',2,'6/7/2022','Warungsugan',NULL,'Indonesia',NULL,13,2);
INSERT INTO Orders(statusID,orderID,order_date,city,state,country,zip,customerID,managerID) VALUES ('true',3,'2/8/2023','Güiria',NULL,'Venezuela',NULL,11,2);
INSERT INTO Orders(statusID,orderID,order_date,city,state,country,zip,customerID,managerID) VALUES ('false',4,'3/30/2023','Älvdalen','Dalarna','Sweden','796 25',5,4);
INSERT INTO Orders(statusID,orderID,order_date,city,state,country,zip,customerID,managerID) VALUES ('false',5,'9/17/2022','Katovice',NULL,'Czech Republic','387 11',12,2);
INSERT INTO Orders(statusID,orderID,order_date,city,state,country,zip,customerID,managerID) VALUES ('true',6,'2/13/2023','Martingança','Leiria','Portugal','2445-705',11,5);
INSERT INTO Orders(statusID,orderID,order_date,city,state,country,zip,customerID,managerID) VALUES ('true',7,'4/13/2022','Xietang',NULL,'China',NULL,11,5);
INSERT INTO Orders(statusID,orderID,order_date,city,state,country,zip,customerID,managerID) VALUES ('false',8,'1/18/2023','Siennica Różana',NULL,'Poland','22-304',15,1);
INSERT INTO Orders(statusID,orderID,order_date,city,state,country,zip,customerID,managerID) VALUES ('true',9,'2/25/2023','Dera Murād Jamāli',NULL,'Pakistan','49090',4,5);
INSERT INTO Orders(statusID,orderID,order_date,city,state,country,zip,customerID,managerID) VALUES ('true',10,'6/3/2022','Fulnek',NULL,'Czech Republic','742 45',5,4);
INSERT INTO Orders(statusID,orderID,order_date,city,state,country,zip,customerID,managerID) VALUES ('false',11,'12/14/2022','Sumberrejo',NULL,'Indonesia',NULL,1,1);
INSERT INTO Orders(statusID,orderID,order_date,city,state,country,zip,customerID,managerID) VALUES ('true',12,'4/25/2022','Brondong',NULL,'Indonesia',NULL,11,5);
INSERT INTO Orders(statusID,orderID,order_date,city,state,country,zip,customerID,managerID) VALUES ('true',13,'8/3/2022','Gewanē',NULL,'Ethiopia',NULL,13,2);
INSERT INTO Orders(statusID,orderID,order_date,city,state,country,zip,customerID,managerID) VALUES ('false',14,'4/11/2022','Łobżenica',NULL,'Poland','89-310',15,5);
INSERT INTO Orders(statusID,orderID,order_date,city,state,country,zip,customerID,managerID) VALUES ('true',15,'4/5/2023','Chaoyang',NULL,'China',NULL,10,3);
INSERT INTO Orders(statusID,orderID,order_date,city,state,country,zip,customerID,managerID) VALUES ('true',16,'12/6/2022','Lokorae',NULL,'Indonesia',NULL,2,2);
INSERT INTO Orders(statusID,orderID,order_date,city,state,country,zip,customerID,managerID) VALUES ('false',17,'2/24/2023','Maipú',NULL,'Argentina','5517',15,1);
INSERT INTO Orders(statusID,orderID,order_date,city,state,country,zip,customerID,managerID) VALUES ('false',18,'3/14/2023','Middleton','Nova Scotia','Canada','K9V',4,2);
INSERT INTO Orders(statusID,orderID,order_date,city,state,country,zip,customerID,managerID) VALUES ('false',19,'10/13/2022','Jarabacoa',NULL,'Dominican Republic','10801',5,3);
INSERT INTO Orders(statusID,orderID,order_date,city,state,country,zip,customerID,managerID) VALUES ('false',20,'2/7/2023','Jiangqiao',NULL,'China',NULL,14,1);
INSERT INTO Orders(statusID,orderID,order_date,city,state,country,zip,customerID,managerID) VALUES ('true',21,'4/15/2022','Viçosa',NULL,'Brazil','59815-000',1,3);
INSERT INTO Orders(statusID,orderID,order_date,city,state,country,zip,customerID,managerID) VALUES ('true',22,'12/7/2022','La Cocha',NULL,'Argentina','4162',9,5);
INSERT INTO Orders(statusID,orderID,order_date,city,state,country,zip,customerID,managerID) VALUES ('true',23,'1/6/2023','Chơn Thành',NULL,'Vietnam',NULL,2,4);
INSERT INTO Orders(statusID,orderID,order_date,city,state,country,zip,customerID,managerID) VALUES ('false',24,'6/18/2022','Huangtugang',NULL,'China',NULL,6,2);
INSERT INTO Orders(statusID,orderID,order_date,city,state,country,zip,customerID,managerID) VALUES ('true',25,'12/29/2022','Port Saint Lucie','Florida','United States','34985',8,2);
INSERT INTO Orders(statusID,orderID,order_date,city,state,country,zip,customerID,managerID) VALUES ('false',26,'6/3/2022','Mas‘adah',NULL,'Syria',NULL,7,3);
INSERT INTO Orders(statusID,orderID,order_date,city,state,country,zip,customerID,managerID) VALUES ('true',27,'12/8/2022','Kongsvinger','Hedmark','Norway','2212',5,4);
INSERT INTO Orders(statusID,orderID,order_date,city,state,country,zip,customerID,managerID) VALUES ('false',28,'4/16/2022','Wuchagou',NULL,'China',NULL,4,1);
INSERT INTO Orders(statusID,orderID,order_date,city,state,country,zip,customerID,managerID) VALUES ('true',29,'10/21/2022','Mandalgovi',NULL,'Mongolia',NULL,3,5);
INSERT INTO Orders(statusID,orderID,order_date,city,state,country,zip,customerID,managerID) VALUES ('true',30,'5/7/2022','Ayaviri',NULL,'Peru',NULL,15,5);

-- Payments
INSERT INTO Payments(paymentID,total_price,types,payment_date,orderID,sellerID) VALUES (1,87.32,'jcb','6/12/2022','false',1);
INSERT INTO Payments(paymentID,total_price,types,payment_date,orderID,sellerID) VALUES (2,80.58,'mastercard','3/3/2023','true',16);
INSERT INTO Payments(paymentID,total_price,types,payment_date,orderID,sellerID) VALUES (3,36.19,'jcb','8/19/2022','false',20);
INSERT INTO Payments(paymentID,total_price,types,payment_date,orderID,sellerID) VALUES (4,17.12,'jcb','7/23/2022','true',28);
INSERT INTO Payments(paymentID,total_price,types,payment_date,orderID,sellerID) VALUES (5,42.18,'visa-electron','6/29/2022','false',10);
INSERT INTO Payments(paymentID,total_price,types,payment_date,orderID,sellerID) VALUES (6,51.12,'laser','7/15/2022','false',4);
INSERT INTO Payments(paymentID,total_price,types,payment_date,orderID,sellerID) VALUES (7,80.29,'jcb','11/8/2022','false',30);
INSERT INTO Payments(paymentID,total_price,types,payment_date,orderID,sellerID) VALUES (8,89.21,'diners-club-carte-blanche','11/13/2022','false',5);
INSERT INTO Payments(paymentID,total_price,types,payment_date,orderID,sellerID) VALUES (9,78.23,'solo','11/13/2022','false',13);
INSERT INTO Payments(paymentID,total_price,types,payment_date,orderID,sellerID) VALUES (10,59.2,'maestro','9/27/2022','false',24);
INSERT INTO Payments(paymentID,total_price,types,payment_date,orderID,sellerID) VALUES (11,1.35,'jcb','10/12/2022','false',12);
INSERT INTO Payments(paymentID,total_price,types,payment_date,orderID,sellerID) VALUES (12,72.22,'jcb','10/11/2022','false',16);
INSERT INTO Payments(paymentID,total_price,types,payment_date,orderID,sellerID) VALUES (13,27.94,'diners-club-enroute','11/18/2022','true',6);
INSERT INTO Payments(paymentID,total_price,types,payment_date,orderID,sellerID) VALUES (14,49.23,'solo','10/8/2022','true',11);
INSERT INTO Payments(paymentID,total_price,types,payment_date,orderID,sellerID) VALUES (15,59.93,'visa-electron','6/20/2022','false',29);
INSERT INTO Payments(paymentID,total_price,types,payment_date,orderID,sellerID) VALUES (16,84.77,'maestro','7/19/2022','true',15);
INSERT INTO Payments(paymentID,total_price,types,payment_date,orderID,sellerID) VALUES (17,89.4,'visa','5/11/2022','true',21);
INSERT INTO Payments(paymentID,total_price,types,payment_date,orderID,sellerID) VALUES (18,91.4,'diners-club-enroute','11/22/2022','true',11);
INSERT INTO Payments(paymentID,total_price,types,payment_date,orderID,sellerID) VALUES (19,83.19,'jcb','11/24/2022','true',2);
INSERT INTO Payments(paymentID,total_price,types,payment_date,orderID,sellerID) VALUES (20,30.26,'solo','10/11/2022','false',28);
INSERT INTO Payments(paymentID,total_price,types,payment_date,orderID,sellerID) VALUES (21,20.75,'jcb','12/27/2022','true',5);
INSERT INTO Payments(paymentID,total_price,types,payment_date,orderID,sellerID) VALUES (22,57.05,'mastercard','4/21/2022','true',19);
INSERT INTO Payments(paymentID,total_price,types,payment_date,orderID,sellerID) VALUES (23,64.42,'visa','10/11/2022','true',23);
INSERT INTO Payments(paymentID,total_price,types,payment_date,orderID,sellerID) VALUES (24,90.82,'visa','10/21/2022','false',22);
INSERT INTO Payments(paymentID,total_price,types,payment_date,orderID,sellerID) VALUES (25,19.93,'jcb','8/26/2022','false',4);
INSERT INTO Payments(paymentID,total_price,types,payment_date,orderID,sellerID) VALUES (26,40.87,'jcb','2/19/2023','true',26);
INSERT INTO Payments(paymentID,total_price,types,payment_date,orderID,sellerID) VALUES (27,71.15,'diners-club-us-ca','1/29/2023','true',18);
INSERT INTO Payments(paymentID,total_price,types,payment_date,orderID,sellerID) VALUES (28,92.06,'visa-electron','11/15/2022','true',29);
INSERT INTO Payments(paymentID,total_price,types,payment_date,orderID,sellerID) VALUES (29,80.65,'china-unionpay','10/17/2022','false',21);
INSERT INTO Payments(paymentID,total_price,types,payment_date,orderID,sellerID) VALUES (30,22.97,'jcb','1/21/2023','true',9);


-- prod_carts
INSERT INTO prod_carts(productID,cartID) VALUES (6,10);
INSERT INTO prod_carts(productID,cartID) VALUES (2,21);
INSERT INTO prod_carts(productID,cartID) VALUES (4,1);
INSERT INTO prod_carts(productID,cartID) VALUES (20,22);
INSERT INTO prod_carts(productID,cartID) VALUES (16,10);
INSERT INTO prod_carts(productID,cartID) VALUES (28,8);
INSERT INTO prod_carts(productID,cartID) VALUES (27,13);
INSERT INTO prod_carts(productID,cartID) VALUES (21,13);
INSERT INTO prod_carts(productID,cartID) VALUES (8,28);
INSERT INTO prod_carts(productID,cartID) VALUES (27,12);
INSERT INTO prod_carts(productID,cartID) VALUES (11,28);
INSERT INTO prod_carts(productID,cartID) VALUES (23,23);
INSERT INTO prod_carts(productID,cartID) VALUES (21,26);
INSERT INTO prod_carts(productID,cartID) VALUES (29,8);
INSERT INTO prod_carts(productID,cartID) VALUES (1,26);
INSERT INTO prod_carts(productID,cartID) VALUES (6,25);
INSERT INTO prod_carts(productID,cartID) VALUES (28,18);
INSERT INTO prod_carts(productID,cartID) VALUES (15,12);
INSERT INTO prod_carts(productID,cartID) VALUES (20,1);
INSERT INTO prod_carts(productID,cartID) VALUES (22,29);
INSERT INTO prod_carts(productID,cartID) VALUES (24,14);
INSERT INTO prod_carts(productID,cartID) VALUES (26,15);
INSERT INTO prod_carts(productID,cartID) VALUES (30,12);
INSERT INTO prod_carts(productID,cartID) VALUES (1,28);
INSERT INTO prod_carts(productID,cartID) VALUES (6,30);
INSERT INTO prod_carts(productID,cartID) VALUES (13,11);
INSERT INTO prod_carts(productID,cartID) VALUES (8,13);
INSERT INTO prod_carts(productID,cartID) VALUES (2,17);
INSERT INTO prod_carts(productID,cartID) VALUES (16,19);
INSERT INTO prod_carts(productID,cartID) VALUES (29,10);

-- prod_order
INSERT INTO prod_order(productID,cartID) VALUES (1,5);
INSERT INTO prod_order(productID,cartID) VALUES (7,4);
INSERT INTO prod_order(productID,cartID) VALUES (15,3);
INSERT INTO prod_order(productID,cartID) VALUES (27,3);
INSERT INTO prod_order(productID,cartID) VALUES (7,1);
INSERT INTO prod_order(productID,cartID) VALUES (3,2);
INSERT INTO prod_order(productID,cartID) VALUES (16,1);
INSERT INTO prod_order(productID,cartID) VALUES (19,3);
INSERT INTO prod_order(productID,cartID) VALUES (18,4);
INSERT INTO prod_order(productID,cartID) VALUES (1,5);
INSERT INTO prod_order(productID,cartID) VALUES (13,2);
INSERT INTO prod_order(productID,cartID) VALUES (29,5);
INSERT INTO prod_order(productID,cartID) VALUES (20,4);
INSERT INTO prod_order(productID,cartID) VALUES (16,5);
INSERT INTO prod_order(productID,cartID) VALUES (16,1);
INSERT INTO prod_order(productID,cartID) VALUES (18,5);
INSERT INTO prod_order(productID,cartID) VALUES (10,4);
INSERT INTO prod_order(productID,cartID) VALUES (7,3);
INSERT INTO prod_order(productID,cartID) VALUES (12,1);
INSERT INTO prod_order(productID,cartID) VALUES (11,5);
INSERT INTO prod_order(productID,cartID) VALUES (25,2);
INSERT INTO prod_order(productID,cartID) VALUES (17,4);
INSERT INTO prod_order(productID,cartID) VALUES (14,3);
INSERT INTO prod_order(productID,cartID) VALUES (26,1);
INSERT INTO prod_order(productID,cartID) VALUES (22,2);
INSERT INTO prod_order(productID,cartID) VALUES (21,5);
INSERT INTO prod_order(productID,cartID) VALUES (6,4);
INSERT INTO prod_order(productID,cartID) VALUES (5,1);
INSERT INTO prod_order(productID,cartID) VALUES (28,3);
INSERT INTO prod_order(productID,cartID) VALUES (7,4);

-- Products
INSERT INTO Products(productID,unitPrice,product_name,sellerID,descr,picture) VALUES (1,93.02,'Hatity',27,'Fuzzy White Cotton Sweater perfect for Winter Weather Size XS Women','http://dummyimage.com/189x100.png/5fa2dd/ffffff');
INSERT INTO Products(productID,unitPrice,product_name,sellerID,descr,picture) VALUES (2,53.91,'Veribet',12,'Fight the rain with this protective yellow jacket that stands out! Size XL Men','http://dummyimage.com/239x100.png/5fa2dd/ffffff');
INSERT INTO Products(productID,unitPrice,product_name,sellerID,descr,picture) VALUES (3,86.97,'Zaam-Dox',17,'Checkered coat that is very insulated for snowy weather but still classy; Size M Women','http://dummyimage.com/160x100.png/ff4444/ffffff');
INSERT INTO Products(productID,unitPrice,product_name,sellerID,descr,picture) VALUES (4,21.94,'Andalax',14,'Harry Potter themed Socks, only worn once! Shoe size 6-9 Women','http://dummyimage.com/196x100.png/cc0000/ffffff');
INSERT INTO Products(productID,unitPrice,product_name,sellerID,descr,picture) VALUES (5,1.53,'Konklab',16,'Purple cozy silk pajamas; Size M Women','http://dummyimage.com/186x100.png/ff4444/ffffff');
INSERT INTO Products(productID,unitPrice,product_name,sellerID,descr,picture) VALUES (6,69.8,'Wrapsafe',12,'Black Tanktop only worn a couple of times! Perfect for the summer. Size S Women','http://dummyimage.com/157x100.png/ff4444/ffffff');
INSERT INTO Products(productID,unitPrice,product_name,sellerID,descr,picture) VALUES (7,86.29,'Transcof',28,'Red ACDC Tshirt in perfect condition; Size L Men','http://dummyimage.com/146x100.png/ff4444/ffffff');
INSERT INTO Products(productID,unitPrice,product_name,sellerID,descr,picture) VALUES (8,5.84,'Alpha',29,'Pink skirt great for interviews in perfect condition; Size L Women','http://dummyimage.com/200x100.png/5fa2dd/ffffff');
INSERT INTO Products(productID,unitPrice,product_name,sellerID,descr,picture) VALUES (9,73.69,'Lotlux',3,'Size B Black Bra from Pink! Only worn a couple of times.','http://dummyimage.com/173x100.png/ff4444/ffffff');
INSERT INTO Products(productID,unitPrice,product_name,sellerID,descr,picture) VALUES (10,88.47,'Alpha',1,'Classy black suit perfect for formal events or your next date! Size M Men','http://dummyimage.com/190x100.png/ff4444/ffffff');
INSERT INTO Products(productID,unitPrice,product_name,sellerID,descr,picture) VALUES (11,97.1,'Zaam-Dox',21,'Bucket hat with whales on it','http://dummyimage.com/180x100.png/5fa2dd/ffffff');
INSERT INTO Products(productID,unitPrice,product_name,sellerID,descr,picture) VALUES (12,67.74,'Solarbreeze',18,'Pink sparkly scarf','http://dummyimage.com/140x100.png/5fa2dd/ffffff');
INSERT INTO Products(productID,unitPrice,product_name,sellerID,descr,picture) VALUES (13,83.19,'Mat Lam Tam',7,'White cotton socks pack for men','http://dummyimage.com/203x100.png/cc0000/ffffff');
INSERT INTO Products(productID,unitPrice,product_name,sellerID,descr,picture) VALUES (14,47.06,'Wrapsafe',5,'Black cargo shorts from American Eagle, go to knee length; Size M Men','http://dummyimage.com/166x100.png/ff4444/ffffff');
INSERT INTO Products(productID,unitPrice,product_name,sellerID,descr,picture) VALUES (15,77.71,'Stim',8,'Beige formal pants from American Eagle perfect for interviews and formal events; Size M Women','http://dummyimage.com/203x100.png/dddddd/000000');
INSERT INTO Products(productID,unitPrice,product_name,sellerID,descr,picture) VALUES (16,46.42,'Zamit',28,'Pink blouse only worn a couple of times! Size S Women','http://dummyimage.com/204x100.png/ff4444/ffffff');
INSERT INTO Products(productID,unitPrice,product_name,sellerID,descr,picture) VALUES (17,37.67,'Konklux',19,'Harry Styles Tour 2022 TShirt, only worn once! Size L Women','http://dummyimage.com/129x100.png/ff4444/ffffff');
INSERT INTO Products(productID,unitPrice,product_name,sellerID,descr,picture) VALUES (18,35.08,'Andalax',22,'Plaid sweater from Abercrombie; Size L Men','http://dummyimage.com/188x100.png/5fa2dd/ffffff');
INSERT INTO Products(productID,unitPrice,product_name,sellerID,descr,picture) VALUES (19,38.06,'Greenlam',12,'Low-rise black shorts from Hollister only worn once; Size S Women','http://dummyimage.com/210x100.png/cc0000/ffffff');
INSERT INTO Products(productID,unitPrice,product_name,sellerID,descr,picture) VALUES (20,50.36,'Ventosanzap',14,'Blue mom jeans from the 1990s! Preserved really well! Size M Women','http://dummyimage.com/190x100.png/dddddd/000000');
INSERT INTO Products(productID,unitPrice,product_name,sellerID,descr,picture) VALUES (21,99.76,'Zathin',2,'Yellow skirt with loops for belt; Size XL Women','http://dummyimage.com/211x100.png/5fa2dd/ffffff');
INSERT INTO Products(productID,unitPrice,product_name,sellerID,descr,picture) VALUES (22,21.35,'Alpha',19,'Summery green and white dress with flowers perfect for the summer! Size S Women','http://dummyimage.com/109x100.png/ff4444/ffffff');
INSERT INTO Products(productID,unitPrice,product_name,sellerID,descr,picture) VALUES (23,17.77,'Redhold',22,'Red and white checkered apron, never worn and in perfect condition!','http://dummyimage.com/149x100.png/ff4444/ffffff');
INSERT INTO Products(productID,unitPrice,product_name,sellerID,descr,picture) VALUES (24,5.16,'Lotlux',16,'Beige hiking boots worn only once, Shoesize 9 Men','http://dummyimage.com/240x100.png/5fa2dd/ffffff');
INSERT INTO Products(productID,unitPrice,product_name,sellerID,descr,picture) VALUES (25,50.83,'Kanlam',8,'Black cloak only worn once for Halloween! Perfect for costumes and theatrics.','http://dummyimage.com/184x100.png/dddddd/000000');
INSERT INTO Products(productID,unitPrice,product_name,sellerID,descr,picture) VALUES (26,72.94,'Wrapsafe',20,'Classy gray menswear scarf','http://dummyimage.com/228x100.png/cc0000/ffffff');
INSERT INTO Products(productID,unitPrice,product_name,sellerID,descr,picture) VALUES (27,36.79,'Veribet',18,'Simple beige bodysuit only worn a couple of times, unisex','http://dummyimage.com/183x100.png/5fa2dd/ffffff');
INSERT INTO Products(productID,unitPrice,product_name,sellerID,descr,picture) VALUES (28,44.28,'Duobam',10,'Boston Red Sox Baseball cap, never worn! Size M Kids','http://dummyimage.com/224x100.png/cc0000/ffffff');
INSERT INTO Products(productID,unitPrice,product_name,sellerID,descr,picture) VALUES (29,25.67,'Tin',25,'Choral swimsuit perfect for a day out in the sun! Size S Girls','http://dummyimage.com/204x100.png/dddddd/000000');
INSERT INTO Products(productID,unitPrice,product_name,sellerID,descr,picture) VALUES (30,80.85,'Tres-Zap',12,'Denim dress with white stripes; Size M Women','http://dummyimage.com/103x100.png/cc0000/ffffff');

-- Sellers
INSERT INTO Sellers(sellerID,first_name,last_name,email1,email2,email3,city,state,country,zip,phone) VALUES (1,'Jackqueline','Rablin','jrablin0@nasa.gov','jrablin0@msn.com','jrablin0@xrea.com','Boca Suno',NULL,'Ecuador',NULL,'132-505-2148');
INSERT INTO Sellers(sellerID,first_name,last_name,email1,email2,email3,city,state,country,zip,phone) VALUES (2,'Perice','Solomonides','psolomonides1@nydailynews.com','psolomonides1@yale.edu','psolomonides1@va.gov','Horní Štěpánov',NULL,'Czech Republic','798 47','518-489-3717');
INSERT INTO Sellers(sellerID,first_name,last_name,email1,email2,email3,city,state,country,zip,phone) VALUES (3,'Bob','Need','bneed2@paypal.com','bneed2@topsy.com','bneed2@go.com','Estreito Câmara de Lobos','Ilha da Madeira','Portugal','9325-006','750-997-5859');
INSERT INTO Sellers(sellerID,first_name,last_name,email1,email2,email3,city,state,country,zip,phone) VALUES (4,'Maddy','Coumbe','mcoumbe3@squarespace.com','mcoumbe3@qq.com','mcoumbe3@opensource.org','Asímion',NULL,'Greece',NULL,'785-697-3713');
INSERT INTO Sellers(sellerID,first_name,last_name,email1,email2,email3,city,state,country,zip,phone) VALUES (5,'Sammy','Gaule','sgaule4@constantcontact.com','sgaule4@ebay.com','sgaule4@fda.gov','Nasielsk',NULL,'Poland','05-191','964-651-9317');
INSERT INTO Sellers(sellerID,first_name,last_name,email1,email2,email3,city,state,country,zip,phone) VALUES (6,'Stanwood','Record','srecord5@epa.gov','srecord5@jimdo.com','srecord5@webnode.com','Sathon',NULL,'Thailand','10130','280-484-3897');
INSERT INTO Sellers(sellerID,first_name,last_name,email1,email2,email3,city,state,country,zip,phone) VALUES (7,'Con','Nicklen','cnicklen6@amazon.co.uk','cnicklen6@opensource.org','cnicklen6@nifty.com','Ashmūn',NULL,'Egypt',NULL,'203-658-0097');
INSERT INTO Sellers(sellerID,first_name,last_name,email1,email2,email3,city,state,country,zip,phone) VALUES (8,'Gibbie','Raywood','graywood7@aboutads.info','graywood7@ucla.edu','graywood7@statcounter.com','Mkushi',NULL,'Zambia',NULL,'744-603-8565');
INSERT INTO Sellers(sellerID,first_name,last_name,email1,email2,email3,city,state,country,zip,phone) VALUES (9,'Louis','Saull','lsaull8@nymag.com','lsaull8@hc360.com','lsaull8@amazon.co.jp','Cabusao',NULL,'Philippines','4406','245-739-1691');
INSERT INTO Sellers(sellerID,first_name,last_name,email1,email2,email3,city,state,country,zip,phone) VALUES (10,'Anderson','Trimnell','atrimnell9@imageshack.us','atrimnell9@biglobe.ne.jp','atrimnell9@princeton.edu','Bandhagen','Stockholm','Sweden','124 76','995-751-4994');
INSERT INTO Sellers(sellerID,first_name,last_name,email1,email2,email3,city,state,country,zip,phone) VALUES (11,'Sonny','Besque','sbesquea@ameblo.jp','sbesquea@merriam-webster.com','sbesquea@europa.eu','Cihideung Satu',NULL,'Indonesia',NULL,'991-580-0906');
INSERT INTO Sellers(sellerID,first_name,last_name,email1,email2,email3,city,state,country,zip,phone) VALUES (12,'Van','Neill','vneillb@ucoz.ru','vneillb@meetup.com','vneillb@gmpg.org','Mubende',NULL,'Uganda',NULL,'534-787-0185');
INSERT INTO Sellers(sellerID,first_name,last_name,email1,email2,email3,city,state,country,zip,phone) VALUES (13,'Kim','Edgworth','kedgworthc@bing.com','kedgworthc@washington.edu','kedgworthc@sun.com','Jiwuwu',NULL,'Indonesia',NULL,'244-781-6478');
INSERT INTO Sellers(sellerID,first_name,last_name,email1,email2,email3,city,state,country,zip,phone) VALUES (14,'Rona','Snailham','rsnailhamd@so-net.ne.jp','rsnailhamd@si.edu','rsnailhamd@ameblo.jp','Barotac Viejo',NULL,'Philippines','8611','961-358-9320');
INSERT INTO Sellers(sellerID,first_name,last_name,email1,email2,email3,city,state,country,zip,phone) VALUES (15,'Lynne','Foulsham','lfoulshame@dion.ne.jp','lfoulshame@myspace.com','lfoulshame@dyndns.org','Katuli',NULL,'Philippines','4212','856-121-6571');
INSERT INTO Sellers(sellerID,first_name,last_name,email1,email2,email3,city,state,country,zip,phone) VALUES (16,'Neile','McPhate','nmcphatef@a8.net','nmcphatef@fotki.com','nmcphatef@youtube.com','Urug',NULL,'Indonesia',NULL,'487-265-5973');
INSERT INTO Sellers(sellerID,first_name,last_name,email1,email2,email3,city,state,country,zip,phone) VALUES (17,'Elvin','Raoult','eraoultg@ehow.com','eraoultg@indiegogo.com','eraoultg@arstechnica.com','Kadusimbar',NULL,'Indonesia',NULL,'431-549-6145');
INSERT INTO Sellers(sellerID,first_name,last_name,email1,email2,email3,city,state,country,zip,phone) VALUES (18,'Clyde','Hainey`','chaineyh@canalblog.com','chaineyh@tuttocitta.it','chaineyh@taobao.com','Gibato',NULL,'Philippines','5005','196-874-2336');
INSERT INTO Sellers(sellerID,first_name,last_name,email1,email2,email3,city,state,country,zip,phone) VALUES (19,'Lonny','Restall','lrestalli@dell.com','lrestalli@blogs.com','lrestalli@wikipedia.org','Guangchen',NULL,'China',NULL,'665-517-2556');
INSERT INTO Sellers(sellerID,first_name,last_name,email1,email2,email3,city,state,country,zip,phone) VALUES (20,'Romeo','Bridgen','rbridgenj@is.gd','rbridgenj@gmpg.org','rbridgenj@globo.com','Jingzhou',NULL,'China',NULL,'424-684-9203');
INSERT INTO Sellers(sellerID,first_name,last_name,email1,email2,email3,city,state,country,zip,phone) VALUES (21,'Faith','Sallis','fsallisk@desdev.cn','fsallisk@bbc.co.uk','fsallisk@europa.eu','San Francisco',NULL,'Philippines','8501','143-927-1348');
INSERT INTO Sellers(sellerID,first_name,last_name,email1,email2,email3,city,state,country,zip,phone) VALUES (22,'Eloise','Ferrey','eferreyl@blog.com','eferreyl@ustream.tv','eferreyl@businessweek.com','Wotan',NULL,'Indonesia',NULL,'948-600-1344');
INSERT INTO Sellers(sellerID,first_name,last_name,email1,email2,email3,city,state,country,zip,phone) VALUES (23,'Rad','Bridgman','rbridgmanm@cdc.gov','rbridgmanm@diigo.com','rbridgmanm@uol.com.br','Tabuating',NULL,'Philippines','1279','245-552-3398');
INSERT INTO Sellers(sellerID,first_name,last_name,email1,email2,email3,city,state,country,zip,phone) VALUES (24,'Constantino','Richings','crichingsn@gnu.org','crichingsn@geocities.com','crichingsn@behance.net','Kota Kinabalu','Sabah','Malaysia','88768','569-749-5890');
INSERT INTO Sellers(sellerID,first_name,last_name,email1,email2,email3,city,state,country,zip,phone) VALUES (25,'Jolynn','Chaudrelle','jchaudrelleo@ow.ly','jchaudrelleo@myspace.com','jchaudrelleo@photobucket.com','Jeong',NULL,'Indonesia',NULL,'974-790-1963');
INSERT INTO Sellers(sellerID,first_name,last_name,email1,email2,email3,city,state,country,zip,phone) VALUES (26,'Talyah','Cusick','tcusickp@myspace.com','tcusickp@ft.com','tcusickp@wordpress.com','Mapinrea',NULL,'Indonesia',NULL,'948-958-7113');
INSERT INTO Sellers(sellerID,first_name,last_name,email1,email2,email3,city,state,country,zip,phone) VALUES (27,'Ronica','Church','rchurchq@si.edu','rchurchq@imgur.com','rchurchq@ed.gov','Montemor-o-Velho','Coimbra','Portugal','3140-253','778-534-2223');
INSERT INTO Sellers(sellerID,first_name,last_name,email1,email2,email3,city,state,country,zip,phone) VALUES (28,'Zach','Ollive','zolliver@nifty.com','zolliver@elpais.com','zolliver@senate.gov','Xinyi',NULL,'China',NULL,'702-121-3993');
INSERT INTO Sellers(sellerID,first_name,last_name,email1,email2,email3,city,state,country,zip,phone) VALUES (29,'Tabina','Nolleau','tnolleaus@time.com','tnolleaus@deliciousdays.com','tnolleaus@issuu.com','Luleå','Norrbotten','Sweden','972 42','851-532-8848');
INSERT INTO Sellers(sellerID,first_name,last_name,email1,email2,email3,city,state,country,zip,phone) VALUES (30,'Welsh','Beecraft','wbeecraftt@unesco.org','wbeecraftt@newyorker.com','wbeecraftt@phoca.cz','Lazurne',NULL,'Ukraine',NULL,'870-581-4237');
